Adak,United States
Apia,Samoa
Pago Pago,United States
Alofi,Niue
Avarua,Cook Islands
Honolulu,United States
Hilo,United States
Anchorage,United States
Papeete,French Polynesia
Fairbanks,United States
Sitka,United States
Whitehorse,Canada
Juneau,United States
Adamstown,United States
Vancouver,Canada
Portland,United States
San Francisco,United States
Seattle,United States
Sacramento,United States
Los Angeles,United States
Riverside,United States
San Diego,United States
Tijuana,Mexico
Mexicali,Mexico
Las Vegas,United States
Yellowknife,Canada
Calgary,Canada
Edmonton,Canada
Phoenix,United States
Salt Lake City,United States
Tucson,United States
Hanga Roa,Chile
Saskatoon,Canada
Albuquerque,United States
El Paso,United States
Chihuahua,Mexico
Denver,United States
Durango,Mexico
Regina,Canada
Zapopan,Mexico
Guadalajara,Mexico
Monterrey,Mexico
Mexico City,Mexico
San Antonio,United States
Puebla,Mexico
Austin,United States
Oklahoma City,United States
Wichita,United States
Winnipeg,Canada
Dallas,United States
Veracruz,Mexico
Houston,United States
Kansas City,United States
Minneapolis,United States
Quetzaltenango,Guatemala
Guatemala City,Guatemala
New Orleans,United States
Memphis,United States
Mérida,Mexico
San Salvador,El Salvador
Belmopan,Belize
Belize City,Belize
Milwaukee,United States
Chicago,United States
Tegucigalpa,Honduras
Nashville,United States
Managua,Nicaragua
Indianapolis,United States
Louisville,United States
Cincinnati,United States
Atlanta,United States
San José,Costa Rica
Detroit,United States
Columbus,United States
Tampa,United States
Havana,Cuba
Cleveland,United States
Jacksonville,United States
George Town,Malaysia
Charlotte,United States
Miami,United States
Pittsburgh,United States
Guayaquil,Ecuador
Panama City,Panama
Toronto,Canada
Buffalo,United States
Raleigh,United States
Quito,Ecuador
Rochester,United States
Nassau,Bahamas
Washington,United States
Lima,Peru
Kingston,Jamaica
Baltimore,United States
Cali,Colombia
Virginia Beach,United States
Ottawa,Canada
Medellín,Colombia
Cartagena,Colombia
Philadelphia,United States
Barranquilla,Colombia
Forked River,United States
Jersey City,United States
Bogotá,Colombia
Montreal,Canada
Iquitos,Peru
Valdivia,Chile
Concepción,Chile
Cusco,Peru
Maracaibo,Venezuela
Valparaíso,Chile
Arequipa,Peru
Providence,United States
La Serena,Chile
Cockburn Town,Turks and Caicos Islands
Boston,United States
Punta Arenas,Chile
Santiago,Chile
Antofagasta,Chile
Iquique,Chile
Oranjestad,Aruba
Santo Domingo,Dominican Republic
Rio Branco,Brazil
Willemstad,Netherlands Antilles
Calama,Chile
Mendoza,Argentina
Iqaluit,Canada
Ushuaia,Argentina
La Paz,Bolivia
Puerto Williams,Chile
Caracas,Venezuela
Fredericton,Canada
San Juan,Puerto Rico
Saint John,Grenada
Sucre,Bolivia
Charlotte Amalie,United States
Hamilton,Bermuda
Road Town,British Virgin Islands
Córdoba,Argentina
Porto Velho,Brazil
Charlottetown,Canada
The Valley,Anguilla
Basse-Terre,Guadeloupe
Bahía Blanca,Argentina
St. John's,Canada
San Fernando,Trinidad and Tobago
Roseau,Dominica
Chaguanas,Trinidad and Tobago
Kingstown,Saint Vincent and the Grenadines
Castries,Saint Lucia
Rosario,Argentina
Boa Vista,Brazil
Manaus,Brazil
Bridgetown,Barbados
Buenos Aires,Argentina
Stanley,Hong Kong
Asunción,Paraguay
Saint-Pierre,Reunion
Montevideo,Uruguay
Cuiabá,Brazil
Paramaribo,Suriname
Campo Grande,Brazil
Chuí,Brazil
Pelotas,Brazil
Cayenne,French Guiana
Nuuk,Greenland
Porto Alegre,Brazil
Macapá,Brazil
Assis,Italy
Curitiba,Brazil
Belém,Brazil
Brasília,Brazil
Campinas,Brazil
São Paulo,Brazil
Vitória,Brazil
Ilhéus,Brazil
Fortaleza,Brazil
Maceió,Brazil
Recife,Brazil
Ponta Delgada,Portugal
Praia,Brazil
Reykjavík,Iceland
Dakar,Senegal
Thiès,Senegal
Serekunda,Gambia
Brikama,Gambia
Banjul,Gambia
Nouakchott,Mauritania
Bissau,Guinea-Bissau
Conakry,Guinea
Freetown,Sierra Leone
El Aaiún,Western Sahara
Monrovia,Liberia
Lisbon,Portugal
Porto,Brazil
Bamako,Mali
Casablanca,Morocco
Koulikoro,Mali
Rabat,Morocco
Tórshavn,Faroe Islands
Dublin,Ireland
Seville,Spain
Belfast,United Kingdom
Jamestown,United States
Gibraltar,Gibraltar
Yamoussoukro,Ivory Coast
Douglas,Australia
Málaga,Spain
Glasgow,United Kingdom
Abidjan,Ivory Coast
Madrid,Spain
Cardiff,United Kingdom
Edinburgh,United Kingdom
Timbuktu,Mali
Liverpool,United Kingdom
Bilbao,Spain
Manchester,United Kingdom
Aberdeen,United Kingdom
Birmingham,United Kingdom
Leeds,United Kingdom
Nantes,France
Ouagadougou,Burkina Faso
Tamale,Ghana
Valencia,Spain
Accra,Ghana
London,United Kingdom
Lomé,Togo
Toulouse,France
Ibiza,Spain
Niamey,Niger
Barcelona,Spain
Paris,France
Cotonou,Benin
Porto-Novo,Benin
Palma,Spain
Algiers,Algeria
Lagos,Nigeria
Ibadan,Nigeria
The Hague,Netherlands
Brussels,Belgium
Antwerp,Belgium
Rotterdam,Netherlands
Lyon,France
Amsterdam,Netherlands
Marseille,France
Bergen,Norway
Geneva,Switzerland
São Tomé,Brazil
Düsseldorf,Germany
Cologne,Germany
Cannes,France
Nice,France
Monaco,Monaco
Bern,Brazil
Abuja,Nigeria
Enugu,Nigeria
Turin,Italy
Strasbourg,France
Kano,Nigeria
Zürich,Switzerland
Frankfurt,Germany
Malabo,Philippines
Stuttgart,Germany
Milan,Italy
Libreville,Gabon
Vaduz,Liechtenstein
Douala,Cameroon
Hanover,Germany
Hamburg,Germany
Tunis,Tunisia
Aarhus,Denmark
Oslo,Norway
Innsbruck,Austria
Yaoundé,Cameroon
Munich,Germany
Gothenburg,Sweden
Leipzig,Germany
Rome,Italy
Copenhagen,Denmark
Malmö,Sweden
Salzburg,Austria
Tripoli,Libya
Luanda,Angola
Berlin,Germany
Dresden,Germany
Naples,Italy
Linz,Austria
Prague,Czech Republic
Sabha,Libya
Birkirkara,Malta
Ljubljana,Slovenia
Valletta,Malta
N'Djamena,Chad
Brazzaville,Democratic Republic of the Congo
Kinshasa,Democratic Republic of the Congo
Graz,Austria
Longyearbyen,Svalbard
Zagreb,Croatia
Vienna,Austria
Bratislava,Slovakia
Stockholm,Sweden
Sarajevo,Bosnia and Herzegovina
Cape Town,South Africa
Bangui,Central African Republic
Budapest,Hungary
Podgorica,Montenegro
Tirana,Albania
Kraków,Poland
Belgrade,Serbia
Kaliningrad,Russia
Warsaw,Poland
Pristina,Kosovo
Skopje,Macedonia
Sofia,Bulgaria
Athens,Greece
Tampere,Finland
Lviv,Ukraine
Riga,Latvia
Espoo,Finland
Tallinn,Estonia
Helsinki,Finland
Vilnius,Lithuania
Port Elizabeth,South Africa
Livingstone,Zambia
Gaborone,Botswana
Bucharest,Romania
Bloemfontein,South Africa
Tartu,Syria
Lubumbashi,Democratic Republic of the Congo
Maseru,Lesotho
Francistown,Botswana
Minsk,Belarus
Johannesburg,South Africa
Pretoria,South Africa
Lusaka,Zambia
Ndola,Zambia
Bulawayo,Zimbabwe
Istanbul,Turkey
Bursa,Turkey
Bujumbura,Burundi
Tiraspol,Moldova
Alexandria,Egypt
Kigali,Rwanda
Saint Petersburg,Russia
Odessa,Ukraine
Harare,Zimbabwe
Durban,South Africa
Mbabane,Swaziland
Lobamba,Swaziland
Cairo,Egypt
Manzini,Swaziland
Port Said,Egypt
Konya,Turkey
Omdurman,Sudan
Khartoum,Sudan
Suez,Egypt
Maputo,Mozambique
Luxor,Egypt
Ankara,Turkey
Mwanza,Tanzania
Murmansk,Russia
Nicosia,Cyprus
Lilongwe,Malawi
Simferopol,Ukraine
Gaza,Palestine
Mersin,Turkey
Tel Aviv,Israel
Blantyre,Malawi
Jerusalem,Israel
Adana,Turkey
Beirut,Lebanon
Dodoma,Tanzania
Amman,Jordan
Damascus,Syria
Kharkiv,Ukraine
Nairobi,Kenya
Gaziantep,Turkey
Moscow,Russia
Addis Ababa,Ethiopia
Asmara,Eritrea
Jeddah,Saudi Arabia
Zanzibar City,Tanzania
Medina,Saudi Arabia
Mecca,Saudi Arabia
Sukhumi,Georgia
Moroni,Comoros
Baghdad,Iraq
Hargeisa,Somalia
Yerevan,Armenia
Tbilisi,Georgia
Mamoudzou,Mayotte
Mogadishu,Somalia
Tabriz,Iran
Riyadh,Saudi Arabia
Stepanakert,Azerbaijan
Antananarivo,Madagascar
Basra,Iraq
Baku,Azerbaijan
Dammam,Saudi Arabia
Samara,Russia
Manama,Bahrain
Tehran,Iran
Doha,Qatar
Abu Dhabi,United Arab Emirates
Dubai,United Arab Emirates
Saint-Denis,Reunion
Perm,Russia
Port Louis,Mauritius
Ashgabat,Turkmenistan
Muscat,Oman
Nukus,Uzbekistan
Mashhad,Iran
Yekaterinburg,Russia
Kandahar,Afghanistan
Karachi,Pakistan
Hyderabad,India
Dushanbe,Tajikistan
Kabul,Afghanistan
Tashkent,Uzbekistan
Astana,Kazakhstan
Multan,Pakistan
Peshawar,Pakistan
Namangan,Uzbekistan
Ahmedabad,India
Mumbai,India
Surat,India
Faisalabad,Pakistan
Rawalpindi,Pakistan
Islamabad,Pakistan
Omsk,Russia
Pune,India
Lahore,Pakistan
Bishkek,Kyrgyzstan
Srinagar,India
Amritsar,India
Jaipur,India
Ludhiana,India
Almaty,Kazakhstan
New Delhi,India
Bangalore,India
Nagpur,India
Colombo,Sri Lanka
Chennai,India
Kanpur,India
Kandy,Sri Lanka
Lucknow,India
Batticaloa,Sri Lanka
Novosibirsk,Russia
Patna,India
Kathmandu,Nepal
Ürümqi,China
Norilsk,Russia
Gangtok,India
Shigatse,China
Thimphu,Bhutan
Dhaka,Bangladesh
Lhasa,China
Agartala,India
Guwahati,India
Chittagong,Bangladesh
Shillong,India
Port Blair,India
Dibrugarh,India
Banda Aceh,Indonesia
Yangon,Myanmar
Medan,Indonesia
Chiang Mai,Thailand
Surat Thani,Thailand
Padang,Indonesia
Hat Yai,Thailand
Bangkok,Thailand
Pattaya,Thailand
Ipoh,Malaysia
Pekanbaru,Indonesia
Bratsk,Russia
Kuala Lumpur,Malaysia
Xining,China
Nakhon Ratchasima,Thailand
Kota Bharu,Malaysia
Vientiane,Laos
Kunming,China
Udon Thani,Thailand
Johor Bahru,Malaysia
Lanzhou,China
Singapore,Singapore
Siem Reap,Cambodia
Chengdu,China
Palembang,Indonesia
Phnom Penh,Cambodia
Hanoi,Vietnam
Chongqing,China
Hai Phong,Vietnam
Ho Chi Minh City,Vietnam
Jakarta,Indonesia
Bogor,Indonesia
Ulan Bator,Mongolia
Bandung,Indonesia
Da Nang,Vietnam
Nanning,China
Pontianak,Indonesia
Kuching,Malaysia
Semarang,Indonesia
Taiyuan,China
Malang,Indonesia
Surabaya,Indonesia
Guangzhou,China
Macau,Macau
Zhengzhou,China
Dongguan,China
Miri,Malaysia
Shenzhen,China
Hong Kong,Hong Kong
Wuhan,China
Handan,China
Shijiazhuang,China
Bandar Seri Begawan,Brunei
Denpasar,Indonesia
Mandurah,Australia
Perth,Australia
Kota Kinabalu,Malaysia
Beijing,China
Balikpapan,Indonesia
Jinan,China
Tianjin,China
Port Hedland,Australia
Nanjing,China
Makassar,Indonesia
Hangzhou,China
Kaohsiung,Taiwan
Qingdao,China
Taichung,Taiwan
Manila,Philippines
Quezon City,Philippines
Shanghai,China
Taipei,Taiwan
Dalian,China
Iloilo City,Philippines
Zamboanga City,Philippines
Shenyang,China
Tagbilaran,Philippines
Cebu City,Philippines
Changchun,China
Dili,Mali
Pyongyang,North Korea
Davao City,Philippines
Kaesong,North Korea
Harbin,China
Incheon,South Korea
Seoul,South Korea
Wonsan,North Korea
Okinawa,Japan
Ambon,Indonesia
Daegu,South Korea
Busan,South Korea
Yakutsk,Russia
Chongjin,North Korea
Fukuoka,Japan
Darwin,Australia
Vladivostok,Russia
Hiroshima,Japan
Melekeok,Palau
Kobe,Japan
Osaka,Japan
Kyoto,Japan
Nagoya,Japan
Adelaide,Australia
Yokohama,Japan
Kawasaki,Japan
Jayapura,Indonesia
Sapporo,Japan
Geelong,Australia
Hagåtña,United States
Dededo,United States
Melbourne,Australia
Saipan,United States
Cairns,Australia
Townsville,Australia
Port Moresby,Papua New Guinea
Hobart,Australia
Canberra,Australia
Rockhampton,Australia
Magadan,Russia
Wollongong,Australia
Sydney,Australia
Newcastle,United Kingdom
Weno,Micronesia
Brisbane,Australia
Gold Coast,Australia
Palikir,Micronesia
Honiara,Solomon Islands
Nouméa,New Caledonia
Invercargill,New Zealand
Dunedin,New Zealand
Majuro,Marshall Islands
Christchurch,New Zealand
Wellington,New Zealand
Auckland,New Zealand
Suva,Fiji
Funafuti,Tuvalu
Labasa,Fiji
Nukuʻalofa,Tonga
Rabi Island,Fiji
St. Louis,United States
Santiago de Cuba,Cuba
New York City,United States
Port-au-Prince,Haiti
San Carlos de Bariloche,Argentina
Quebec City,Canada
City of Halifax,Canada
Santa Cruz de la Sierra,Bolivia
St. George's,Grenada
Port of Spain,Trinidad and Tobago
Fort-de-France,Martinique
Ciudad del Este,Argentina
São José dos Campos,Brazil
Rio de Janeiro,Brazil
Horta (Azores),Portugal
Angra do Heroísmo,Portugal
Santa Cruz de Tenerife,Spain
Las Palmas de Gran Canaria,Spain
Cork (city),Ireland
Marrakech,Morocco
Andorra la Vella,Andorra
Luxembourg (city),Luxembourg
City of San Marino,San Marino
Vatican City,Vatican City
Split (city),Croatia
Gdańsk,Poland
Thessaloniki,Greece
İzmir,Turkey
Chişinău,Moldova
Kiev,Ukraine
Dar es Salaam,Tanzania
Djibouti (city),Djibouti
Tskhinvali,Georgia
Sana'a,Yemen
Nizhny Novgorod,Russia
Arbil,Iraq
Kuwait City,Kuwait
Malé,Maldives
Sri Jayawardenapura-Kotte,Sri Lanka
Kolkata,India
Naypyidaw,Myanmar
Phuket (city),Thailand
Alor Star,Malaysia
Malacca Town,Malaysia
Huế,Vietnam
Xi'an,China
Yogyakarta (city),Indonesia
Makati City,Philippines
Koror,Palau
Tokyo,Japan
Petropavlovsk-Kamchatsky,Russia
Yaren District,Nauru
Port Vila,Vanuatu
South Tarawa,Kiribati
Mata-Utu,Wallis and Futuna
Anadyr (town),Russia
Nukulaelae,Tuvalu
Aberdeenshire,United Kingdom
Amber Valley,United Kingdom
Angus,United Kingdom
Arun,United Kingdom
Ashfield,United Kingdom
Aylesbury Vale,United Kingdom
Barnsley,United Kingdom
Basildon,United Kingdom
Basingstoke & Deane,United Kingdom
Bassetlaw,United Kingdom
Bath & North East Somerset,United Kingdom
Bedford,United Kingdom
Blackburn,United Kingdom
Blackpool,United Kingdom
Bolton,United Kingdom
Bournemouth,United Kingdom
Bracknell Forest,United Kingdom
Bradford,United Kingdom
Braintree,United Kingdom
Breckland,United Kingdom
Bridgend,United Kingdom
Brighton,United Kingdom
Bristol,United Kingdom
Broadland,United Kingdom
Broxtowe,United Kingdom
Bury,United Kingdom
Caerphilly,United Kingdom
Calderdale,United Kingdom
Cambridge,United Kingdom
Canterbury,United Kingdom
Carmarthenshire,United Kingdom
Charnwood,United Kingdom
Chelmsford,United Kingdom
Cheltenham,United Kingdom
Cherwell,United Kingdom
Chester,United Kingdom
Colchester,United Kingdom
Conway,United Kingdom
Coventry,United Kingdom
Crewe & Nantwich,United Kingdom
Dacorum,United Kingdom
Derby,United Kingdom
Doncaster,United Kingdom
Dover,United Kingdom
Dudley,United Kingdom
Dumfries & Galloway,United Kingdom
Dundee,United Kingdom
East Ayrshire,United Kingdom
East Devon,United Kingdom
East Dunbartonshire,United Kingdom
East Hampshire,United Kingdom
East Hertfordshire,United Kingdom
East Lindsey,United Kingdom
East Riding,United Kingdom
Eastleigh,United Kingdom
Elmbridge,United Kingdom
Epping Forest,United Kingdom
Erewash,United Kingdom
Exeter,United Kingdom
Falkirk,United Kingdom
Fife,United Kingdom
Flintshire,United Kingdom
Gateshead,United Kingdom
Gedling,United Kingdom
Gloucester,United Kingdom
Guildford,United Kingdom
Gwynedd,United Kingdom
Halton,United Kingdom
Harrogate,United Kingdom
Havant & Waterloo,United Kingdom
Highland,United Kingdom
Horsham,United Kingdom
Huntingdonshire,United Kingdom
Ipswich,United Kingdom
Isle of Wight,United Kingdom
Kings Lynn & West Norfolk,United Kingdom
Kingston-upon-Hull,United Kingdom
Kirklees,United Kingdom
Knowsley,United Kingdom
Lancaster,United Kingdom
Leicester,United Kingdom
Lisburn,United Kingdom
Luton,United Kingdom
Macclesfield,United Kingdom
Maidstone,United Kingdom
Mid Bedfordshire,United Kingdom
Mid Sussex,United Kingdom
Middlesbrough,United Kingdom
Milton Keynes,United Kingdom
Neath Port Talbot,United Kingdom
New Forest,United Kingdom
Newbury,United Kingdom
Newcastle-under-Lyme,United Kingdom
Newcastle-upon-Tyne,United Kingdom
Newport,United Kingdom
North Ayrshire,United Kingdom
North East Lincolnshire,United Kingdom
North Hertfordshire,United Kingdom
North Lanarkshire,United Kingdom
North Lincolnshire,United Kingdom
North Somerset,United Kingdom
North Tyneside,United Kingdom
North Wiltshire,United Kingdom
Northampton,United Kingdom
Norwich,United Kingdom
Nottingham,United Kingdom
Nuneaton & Bedworth,United Kingdom
Oldham,United Kingdom
Oxford,United Kingdom
Pembrokeshire,United Kingdom
Perth & Kinross,United Kingdom
Peterborough,United Kingdom
Plymouth,United Kingdom
Poole,United Kingdom
Portsmouth,United Kingdom
Powys,United Kingdom
Preston,United Kingdom
Reading,United Kingdom
Redcar & Cleveland,United Kingdom
Reigate & Banstead,United Kingdom
Renfrewshire,United Kingdom
Rochdale,United Kingdom
Rochester-upon-Medway,United Kingdom
Rotherham,United Kingdom
Salford,United Kingdom
Salisbury,United Kingdom
Sandwell,United Kingdom
Scarborough,United Kingdom
Scottish Borders,United Kingdom
Sefton,United Kingdom
Sevenoaks,United Kingdom
Sheffield,United Kingdom
Slough,United Kingdom
Solihull,United Kingdom
South Ayrshire,United Kingdom
South Bedfordshire,United Kingdom
South Cambridgeshire,United Kingdom
South Gloucestershire,United Kingdom
South Kesteven,United Kingdom
South Lanarkshire,United Kingdom
South Oxfordshire,United Kingdom
South Somerset,United Kingdom
South Tyneside,United Kingdom
Southampton,United Kingdom
Southend-on-Sea,United Kingdom
St Albans,United Kingdom
St Helens,United Kingdom
Stafford,United Kingdom
Stockport,United Kingdom
Stockton-on-Tees,United Kingdom
Stoke-on-Trent,United Kingdom
Stratford-on-Avon,United Kingdom
Stroud,United Kingdom
Suffolk Coastal,United Kingdom
Sunderland,United Kingdom
Swale,United Kingdom
Swansea,United Kingdom
Tameside,United Kingdom
Teignbridge,United Kingdom
Tendring,United Kingdom
Test Valley,United Kingdom
Thamesdown,United Kingdom
Thanet,United Kingdom
The Wrekin,United Kingdom
Thurrock,United Kingdom
Torbay,United Kingdom
Trafford,United Kingdom
Vale of Glamorgan,United Kingdom
Vale of White Horse,United Kingdom
Vale Royal,United Kingdom
Wakefield,United Kingdom
Walsall,United Kingdom
Warrington,United Kingdom
Warwick,United Kingdom
Waveney,United Kingdom
Waverley,United Kingdom
Wealden,United Kingdom
West Lancashire,United Kingdom
West Lothian,United Kingdom
West Wiltshire,United Kingdom
Wigan,United Kingdom
Windsor & Maidenhead,United Kingdom
Wirral,United Kingdom
Wokingham,United Kingdom
Wolverhampton,United Kingdom
Wrexham Maelor,United Kingdom
Wychavon,United Kingdom
Wycombe,United Kingdom
York,United Kingdom
